image_id,unet_dice,unet_iou,sam3_score,sam3_dice,sam3_iou,dice_diff_sam3_minus_unet,iou_diff_sam3_minus_unet
00087a6bd4dc_16,0.991139233,0.982434094,0.97265625,0.990108571,0.980410907,-0.001030662,-0.002023187
02159e548029_01,0.99605155,0.992134094,0.94921875,0.995675324,0.991387892,-0.000376226,-0.000746203
02159e548029_08,0.994737685,0.989530444,0.9453125,0.99489861,0.989849005,0.000160926,0.000318561
03a857ce842d_01,0.995657086,0.991351783,0.96484375,0.995970795,0.991973929,0.000313709,0.000622145
0495dcf27283_01,0.875551581,0.778649807,0.9609375,0.991647572,0.983433515,0.116095991,0.204783708
0495dcf27283_16,0.898249745,0.815293431,0.96484375,0.991986674,0.984100754,0.093736929,0.168807323
0795e132d090_16,0.989383221,0.978989482,0.84375,0.993551965,0.987186551,0.004168744,0.008197069
08a646be6b30_02,0.989670455,0.97955215,0.97265625,0.990669294,0.981511102,0.000998838,0.001958953
0cdf5b5d0ce1_08,0.995273054,0.990590572,0.97265625,0.995638661,0.9913152,0.000365608,0.000724628
0ce66b539f52_12,0.996034265,0.992099822,0.97265625,0.995903733,0.991840889,-0.000130531,-0.000258933
0ce66b539f52_15,0.996530771,0.993085504,0.96875,0.995376061,0.990794687,-0.00115471,-0.002290816
0d1a9caf4350_02,0.992609143,0.985326767,0.97265625,0.99111664,0.982389718,-0.001492504,-0.002937049
0d53224da2b7_02,0.993605137,0.987291574,0.97265625,0.992705603,0.985516851,-0.000899534,-0.001774723
0d53224da2b7_03,0.985854685,0.972103953,0.9765625,0.987308975,0.974936037,0.001454289,0.002832084
0d53224da2b7_08,0.992283523,0.984685242,0.96875,0.990879274,0.981923419,-0.001404249,-0.002761823
0d53224da2b7_15,0.987139761,0.974606037,0.9765625,0.991306963,0.982763761,0.004167201,0.008157724
0de66245f268_16,0.996231377,0.992491066,0.96875,0.995326412,0.990696305,-0.000904965,-0.001794761
0ed6904e1004_07,0.987823308,0.975939631,0.80859375,0.993513155,0.987109926,0.005689847,0.011170294
0ee135a3cccc_06,0.996254206,0.992536366,0.96875,0.994706088,0.989467931,-0.001548118,-0.003068435
0ee135a3cccc_08,0.996685743,0.993393362,0.96484375,0.996284097,0.992595708,-0.000401646,-0.000797653
0ee135a3cccc_12,0.996615767,0.993254364,0.97265625,0.994642223,0.989341551,-0.001973545,-0.003912812
0eeaf1ff136d_03,0.995435596,0.990912676,0.97265625,0.993253604,0.986597627,-0.002181991,-0.004315049
0eeaf1ff136d_06,0.99605912,0.992149234,0.9765625,0.995924479,0.991882043,-0.000134641,-0.000267191
0eeaf1ff136d_08,0.994692087,0.989440262,0.96875,0.995703319,0.991443404,0.001011232,0.002003142
11f3dc041cfb_13,0.994637847,0.989332914,0.9765625,0.993440776,0.986967039,-0.001197071,-0.002365876
11fcda0a9e1c_01,0.876729369,0.780514836,0.96484375,0.995492238,0.991024933,0.118762869,0.210510097
11fcda0a9e1c_02,0.905120611,0.82668519,0.96875,0.995709303,0.991455269,0.090588692,0.164770079
120c1dc7b116_06,0.993647695,0.987375617,0.97265625,0.994560708,0.989180267,0.000913013,0.00180465
120c1dc7b116_12,0.993056417,0.986208618,0.97265625,0.99479115,0.989636283,0.001734733,0.003427665
1258cf954183_08,0.99618727,0.992403507,0.96875,0.995522058,0.991084041,-0.000665212,-0.001319467
125cadcb9feb_08,0.995604277,0.991246998,0.96484375,0.996239181,0.992506543,0.000634904,0.001259545
125cadcb9feb_09,0.995894134,0.991821885,0.95703125,0.994512503,0.989084903,-0.001381631,-0.002736982
125cadcb9feb_10,0.995368719,0.990780115,0.96875,0.996522768,0.993069635,0.001154049,0.00228952
1390696b70b6_10,0.985886812,0.972166419,0.9453125,0.993053856,0.986203544,0.007167044,0.014037125
1390696b70b6_16,0.992128491,0.984379947,0.921875,0.993781754,0.987640364,0.001653263,0.003260417
13cad6eeabe8_05,0.993602216,0.987285852,0.96484375,0.992221695,0.98456346,-0.001380521,-0.002722392
13cad6eeabe8_08,0.99327904,0.986647844,0.9609375,0.994120115,0.988308972,0.000841075,0.001661128
13cad6eeabe8_09,0.989588797,0.979392111,0.9453125,0.988743941,0.977738459,-0.000844856,-0.001653652
169f5f6d8c9d_10,0.994747162,0.98954922,0.95703125,0.995262006,0.990568697,0.000514844,0.001019477
169f5f6d8c9d_16,0.995071173,0.990190744,0.95703125,0.993636085,0.987352657,-0.001435087,-0.002838087
16f0ec26d608_06,0.995357215,0.990757346,0.96875,0.995559661,0.991158581,0.000202446,0.000401235
16f0ec26d608_13,0.993341386,0.986770868,0.97265625,0.993989931,0.988051673,0.000648545,0.001280804
189a2a32a615_02,0.989036977,0.978311718,0.97265625,0.987923025,0.976134276,-0.001113952,-0.002177441
189a2a32a615_15,0.99536711,0.990776956,0.96875,0.994308479,0.988681379,-0.00105863,-0.002095577
1a17a1bd648b_15,0.963429689,0.929439843,0.96875,0.993430307,0.986946373,0.030000618,0.057506531
1aba91a601c6_07,0.995781004,0.991597414,0.9609375,0.996081547,0.992193683,0.000300543,0.000596269
1adaeb44f109_08,0.994925439,0.989902139,0.96875,0.995053789,0.990156266,0.000128349,0.000254128
1ae8a68a40e4_10,0.994239807,0.988545597,0.96484375,0.994488951,0.989038313,0.000249144,0.000492717
1e6f48393e17_02,0.996880293,0.993779957,0.96875,0.996354782,0.992736043,-0.000525511,-0.001043915
1e89e1af42e7_05,0.992442608,0.984998584,0.97265625,0.992864396,0.985829904,0.000421788,0.00083132
1e89e1af42e7_16,0.995044053,0.990137041,0.96875,0.994808879,0.989671375,-0.000235174,-0.000465666
21a7e6726ee3_01,0.974658906,0.950570405,0.92578125,0.97690075,0.954844557,0.002241843,0.004274152
21a7e6726ee3_03,0.991191924,0.982537627,0.9453125,0.99404505,0.988160603,0.002853126,0.005622976
21a7e6726ee3_07,0.987616241,0.975535512,0.953125,0.994175145,0.988417755,0.006558904,0.012882243
21a7e6726ee3_10,0.980561912,0.961865067,0.953125,0.994275312,0.988615796,0.0137134,0.026750728
21a7e6726ee3_13,0.98936981,0.978963196,0.953125,0.991535016,0.983212141,0.002165206,0.004248944
21a7e6726ee3_15,0.989810944,0.979827464,0.94921875,0.992318982,0.98475506,0.002508038,0.004927597
2267f4aa0d2c_09,0.995947599,0.991927981,0.9609375,0.994349075,0.988761657,-0.001598525,-0.003166325
2335eef27de6_09,0.992878437,0.985857606,0.96484375,0.993304573,0.986698208,0.000426136,0.000840602
2335eef27de6_10,0.994236171,0.988538444,0.96484375,0.993981145,0.988034311,-0.000255026,-0.000504134
23c088f6ec27_05,0.992831469,0.98576504,0.96875,0.990873131,0.981911354,-0.001958338,-0.003853686
245f9c9eab8a_01,0.994157434,0.988382757,0.95703125,0.994564305,0.989187384,0.000406871,0.000804627
245f9c9eab8a_02,0.993908882,0.987891555,0.97265625,0.995222611,0.990490653,0.001313729,0.002599098
245f9c9eab8a_05,0.985514641,0.971442938,0.97265625,0.990679978,0.981532077,0.005165337,0.01008914
26ccab021981_09,0.986517787,0.973394215,0.9375,0.990715442,0.981601704,0.004197655,0.008207489
28109f18d9d4_13,0.993062735,0.986221075,0.96875,0.991581362,0.983303288,-0.001481373,-0.002917787
28109f18d9d4_14,0.993712187,0.987502933,0.97265625,0.992139399,0.984401412,-0.001572788,-0.003101521
28109f18d9d4_16,0.995981336,0.991994798,0.96484375,0.994228453,0.988523145,-0.001752883,-0.003471653
28d9a149cb02_03,0.979875028,0.96054405,0.9765625,0.992571564,0.985252677,0.012696536,0.024708627
28d9a149cb02_04,0.983749151,0.968017995,0.9765625,0.989923888,0.980048806,0.006174736,0.01203081
28d9a149cb02_11,0.992848337,0.98579824,0.9765625,0.992839672,0.985781156,-8.66E-06,-1.71E-05
292f59c6a347_01,0.993166745,0.986426294,0.95703125,0.991769624,0.983673619,-0.001397121,-0.002752674
292f59c6a347_13,0.995021462,0.990092218,0.96484375,0.993568123,0.987218455,-0.001453339,-0.002873763
293a0fa72e5b_15,0.992569566,0.985248685,0.96875,0.993708936,0.987496531,0.00113937,0.002247846
2990f858e939_01,0.992967725,0.986033738,0.9609375,0.992082844,0.984290066,-0.000884881,-0.001743672
2990f858e939_03,0.996145904,0.992321432,0.97265625,0.993186488,0.986465195,-0.002959416,-0.005856237
2990f858e939_07,0.996328831,0.992684543,0.96875,0.995317187,0.990678026,-0.001011644,-0.002006517
2990f858e939_10,0.995603621,0.991245747,0.97265625,0.995716504,0.991469548,0.000112883,0.000223801
2af7c265531e_01,0.938957989,0.884939551,0.96875,0.996550231,0.993124182,0.057592242,0.108184631
2af7c265531e_06,0.957163095,0.917845488,0.9765625,0.992862742,0.985826643,0.035699647,0.067981155
2af7c265531e_14,0.943957865,0.893863857,0.9765625,0.993996513,0.988064679,0.050038647,0.094200822
2c57132da7a0_07,0.98991394,0.980029285,0.8671875,0.990481231,0.981141967,0.000567291,0.001112682
2c57132da7a0_09,0.986483991,0.973328471,0.87109375,0.993683936,0.987447157,0.007199945,0.014118686
2cb06c1f5bb1_06,0.988452017,0.977167726,0.8203125,0.990789395,0.981746911,0.002337377,0.004579186
2cb91c2543fa_04,0.995170057,0.990386546,0.97265625,0.993142799,0.986379,-0.002027258,-0.004007546
2cb91c2543fa_15,0.994803131,0.989659965,0.97265625,0.992465414,0.985043519,-0.002337717,-0.004616446
3071362591f7_01,0.992270172,0.984658957,0.94921875,0.994807553,0.989668751,0.002537381,0.005009794
31186febd775_09,0.991132677,0.982421219,0.9609375,0.994249114,0.988563995,0.003116437,0.006142776
316bbfd3d93d_13,0.983073413,0.966710269,0.96875,0.990678534,0.981529243,0.007605121,0.014818973
32edfb7723ff_01,0.908348858,0.832087159,0.953125,0.994988796,0.990027566,0.086639938,0.157940407
32ff007d9505_06,0.994261682,0.98858887,0.93359375,0.994711233,0.989478114,0.000449551,0.000889244
33a310ea7462_15,0.996818066,0.993656278,0.96484375,0.994798714,0.989651256,-0.002019351,-0.004005022
344ece157efc_16,0.988331854,0.976932824,0.94921875,0.98830273,0.976875948,-2.91E-05,-5.69E-05
34b0c08544a5_02,0.993735075,0.987548232,0.96875,0.99075225,0.981673975,-0.002982825,-0.005874258
34b0c08544a5_13,0.993120015,0.986334085,0.9765625,0.992602174,0.985312999,-0.000517841,-0.001021086
34b0c08544a5_15,0.994923353,0.989898026,0.97265625,0.993808482,0.987693162,-0.001114871,-0.002204864
351c583eabd6_10,0.995568156,0.991175473,0.96875,0.996695935,0.993413631,0.001127778,0.002238158
364fd5fd7569_04,0.99229753,0.98471278,0.97265625,0.994591105,0.989240407,0.002293575,0.004527627
36a3f7f77e85_05,0.995383322,0.990809083,0.97265625,0.989779727,0.979766248,-0.005603596,-0.011042835
371f057d1242_06,0.937550247,0.882441938,0.97265625,0.99427996,0.988624986,0.056729713,0.106183048
371f057d1242_12,0.9363451,0.880309105,0.97265625,0.993224282,0.986539767,0.056879182,0.106230662
371f057d1242_13,0.939926445,0.88666147,0.97265625,0.99289564,0.985891512,0.052969195,0.099230042
3789e15178c7_11,0.937728763,0.88275826,0.9765625,0.995384564,0.990811536,0.057655801,0.108053276
3789e15178c7_15,0.922776222,0.856624484,0.97265625,0.996311925,0.992650954,0.073535703,0.13602647
3810c5e1cdeb_13,0.988966465,0.978173733,0.96875,0.990093582,0.980381512,0.001127117,0.00220778
3a7a8f03e713_09,0.977367043,0.955735922,0.9609375,0.993640145,0.987360673,0.016273101,0.031624752
3afec4b5ac07_11,0.993345439,0.986778915,0.96875,0.995484105,0.991008814,0.002138666,0.004229899
3b45f83ba3fa_12,0.897524536,0.814099312,0.96875,0.994961192,0.989972908,0.097436656,0.175873597
3b45f83ba3fa_13,0.900750637,0.819423378,0.96875,0.992753383,0.985611037,0.092002746,0.166187659
3bca821c8c41_03,0.99605602,0.992143035,0.97265625,0.994840218,0.98973341,-0.001215802,-0.002409625
3bca821c8c41_11,0.996394217,0.992814302,0.97265625,0.995487711,0.991015961,-0.000906506,-0.001798342
3c16409ab9db_01,0.995019674,0.990088701,0.96484375,0.996248182,0.99252441,0.001228507,0.002435709
3c16409ab9db_10,0.994554102,0.989167213,0.96875,0.995052346,0.990153409,0.000498243,0.000986195
3c54e71fd2c9_13,0.992554307,0.985218704,0.96875,0.991631469,0.98340184,-0.000922838,-0.001816863
3c54e71fd2c9_14,0.992233336,0.984586418,0.96875,0.992467031,0.985046705,0.000233695,0.000460287
3c6acfceb552_07,0.898948908,0.816446066,0.97265625,0.991263586,0.982678499,0.092314678,0.166232433
3d7a1030deeb_05,0.996313691,0.992654502,0.96875,0.993509248,0.987102213,-0.002804443,-0.00555229
3f202616a2b9_13,0.99448806,0.98903656,0.97265625,0.994623826,0.98930515,0.000135766,0.00026859
3f3e362dea23_13,0.996131837,0.992293537,0.96875,0.994831783,0.989716712,-0.001300054,-0.002576825
3f8d611822bc_02,0.901487172,0.820643246,0.9765625,0.991974418,0.984076631,0.090487247,0.163433385
40851e617b93_05,0.99631238,0.99265182,0.9765625,0.995844601,0.991723594,-0.000467779,-0.000928227
40851e617b93_16,0.995701313,0.991439402,0.96484375,0.996749852,0.993520762,0.001048539,0.00208136
419687d50dcd_05,0.993659854,0.987399518,0.96484375,0.996397497,0.992820857,0.002737643,0.005421338
42415ff65013_01,0.992351115,0.98481828,0.9609375,0.991607175,0.983354056,-0.00074394,-0.001464224
424658d9f222_05,0.904713392,0.826006055,0.97265625,0.993740807,0.987559481,0.089027414,0.161553426
42a3297ccd4b_10,0.994660854,0.989378393,0.94921875,0.994700117,0.989456115,3.93E-05,7.77E-05
42b3feca1993_13,0.985304356,0.971034408,0.95703125,0.993539347,0.987161637,0.008234991,0.01612723
42d81612e2ce_02,0.996242106,0.992512405,0.96484375,0.994263971,0.98859337,-0.001978135,-0.003919034
42d81612e2ce_10,0.996513188,0.993050635,0.96484375,0.995292714,0.990629537,-0.001220474,-0.002421098
430f0cb5666c_05,0.987683415,0.975666523,0.97265625,0.977521804,0.956031931,-0.010161612,-0.019634592
47ea8f25c948_08,0.990143001,0.980478406,0.96875,0.9920275,0.984181116,0.001884499,0.00370271
47ea8f25c948_11,0.992760241,0.985624492,0.96484375,0.990615747,0.981405986,-0.002144494,-0.004218507
4856fcb85be0_01,0.992089033,0.984302223,0.9609375,0.990467327,0.981114682,-0.001621706,-0.00318754
4856fcb85be0_14,0.992925644,0.985950649,0.96875,0.993217264,0.986525919,0.00029162,0.00057527
48b3f0c936b5_04,0.994120479,0.988309741,0.9765625,0.990090158,0.980374799,-0.00403032,-0.007934942
48b3f0c936b5_07,0.990970254,0.982102096,0.97265625,0.990470601,0.981121106,-0.000499653,-0.00098099
48b3f0c936b5_09,0.991983235,0.984093964,0.96484375,0.993043198,0.986182522,0.001059963,0.002088557
48b3f0c936b5_12,0.992906868,0.985913575,0.9765625,0.989363185,0.978950271,-0.003543684,-0.006963304
4a4364d7fc6d_04,0.987291694,0.974902391,0.94140625,0.989507094,0.979232103,0.0022154,0.004329712
4a4364d7fc6d_08,0.96196419,0.926715851,0.94140625,0.995975236,0.991982739,0.034011046,0.065266889
4b74275babf7_12,0.988317192,0.976904154,0.96875,0.99096945,0.982100542,0.002652258,0.005196388
4b74275babf7_13,0.987908185,0.976105332,0.97265625,0.988638222,0.977531724,0.000730038,0.001426391
4baf50a3d8c2_03,0.992128551,0.984380007,0.95703125,0.993432314,0.986950335,0.001303763,0.002570328
4baf50a3d8c2_09,0.969095647,0.940044165,0.9375,0.994394477,0.988851447,0.025298829,0.048807282
4baf50a3d8c2_11,0.987977743,0.976241112,0.95703125,0.993997734,0.988067092,0.006019991,0.011825981
4bea0766c14c_08,0.931004047,0.870914459,0.96484375,0.995728531,0.991493398,0.064724484,0.120578939
4bea0766c14c_11,0.941502213,0.88947022,0.96875,0.995248895,0.990542722,0.053746681,0.101072503
4dc8a7fe7c02_03,0.993269086,0.986628175,0.96875,0.991771999,0.983678293,-0.001497087,-0.002949882
4e308ad8a254_06,0.964305401,0.931071222,0.97265625,0.992191836,0.984504662,0.027886435,0.053433441
4e308ad8a254_10,0.967716455,0.937452197,0.96875,0.994255579,0.988576778,0.026539123,0.05112458
4e308ad8a254_11,0.974537671,0.950339854,0.96875,0.994106884,0.988282819,0.019569214,0.037942966
4e5ac4b9f074_15,0.992909968,0.985919774,0.96484375,0.992173445,0.984468449,-0.000736523,-0.001451325
4e7bc95552ed_11,0.994916439,0.989884317,0.97265625,0.994577786,0.989214055,-0.000338654,-0.000670262
4e7bc95552ed_13,0.993577242,0.98723644,0.97265625,0.992825369,0.985752955,-0.000751873,-0.001483485
4e7bc95552ed_15,0.994784415,0.98962301,0.96875,0.991558247,0.983257826,-0.003226168,-0.006365184
4f0397cf7937_10,0.982308686,0.965232432,0.921875,0.991729348,0.983594382,0.009420662,0.01836195
4f0397cf7937_12,0.980274975,0.961313069,0.94140625,0.991998045,0.984123136,0.01172307,0.022810067
4fc2470c0f7b_04,0.994434655,0.988930941,0.9609375,0.991877399,0.983885688,-0.002557256,-0.005045253
4fc2470c0f7b_14,0.99538815,0.990818679,0.96484375,0.994476121,0.989012932,-0.00091203,-0.001805747
51f1cdf5f539_07,0.984004736,0.968513072,0.9609375,0.994555229,0.989169428,0.010550493,0.020656356
51f1cdf5f539_08,0.981413841,0.963505983,0.96484375,0.995434398,0.990910297,0.014020557,0.027404313
51f1cdf5f539_14,0.988814771,0.977876961,0.95703125,0.990656579,0.981486141,0.001841808,0.003609179
528eb34a4c29_04,0.994187653,0.988442481,0.9765625,0.990296874,0.980780239,-0.00389078,-0.007662242
528eb34a4c29_06,0.993302703,0.986694455,0.97265625,0.991558539,0.983258402,-0.001744164,-0.003436053
528eb34a4c29_08,0.994494617,0.989049554,0.97265625,0.994920789,0.989892914,0.000426172,0.00084336
528eb34a4c29_15,0.994380414,0.988823593,0.97265625,0.99235765,0.984831225,-0.002022764,-0.003992367
553c658b9efa_02,0.993673921,0.987427413,0.95703125,0.9941081,0.988285223,0.00043418,0.00085781
553c658b9efa_05,0.994482219,0.989024937,0.96484375,0.99442331,0.988908474,-5.89E-05,-0.000116463
553c658b9efa_15,0.993199468,0.986490786,0.9609375,0.994811098,0.989675768,0.001611631,0.003184982
56023a17481b_10,0.990591049,0.981357455,0.9609375,0.993124284,0.986342473,0.002533235,0.004985018
56023a17481b_12,0.994117022,0.988302886,0.96484375,0.99428405,0.988633073,0.000167029,0.000330187
562706000bd7_06,0.99623847,0.992505133,0.94140625,0.996580613,0.99318453,0.000342143,0.000679397
562706000bd7_12,0.995534599,0.991108894,0.94140625,0.994684136,0.989424489,-0.000850463,-0.001684405
5a194c1384f3_02,0.994220376,0.988507152,0.96875,0.996244857,0.99251781,0.002024481,0.004010659
5a194c1384f3_06,0.995092213,0.990232408,0.96484375,0.993828469,0.987732647,-0.001263744,-0.002499761
5a194c1384f3_12,0.994138837,0.98834604,0.96875,0.994884778,0.989821621,0.000745941,0.001475581
5ab34f0e3ea5_02,0.971307456,0.944215536,0.96484375,0.995220008,0.990485495,0.023912551,0.046269959
5ab34f0e3ea5_16,0.962334335,0.927403033,0.96875,0.994568103,0.989194898,0.032233768,0.061791865
5d95d80e10a9_06,0.992277086,0.984672487,0.97265625,0.993674856,0.987429223,0.00139777,0.002756736
5fb012d30fd9_10,0.9902426,0.98067373,0.96484375,0.993876135,0.987826817,0.003633535,0.007153086
5fb012d30fd9_16,0.995446324,0.990933895,0.96875,0.99263166,0.985371111,-0.002814664,-0.005562784
61060ada97c9_07,0.987385333,0.97508496,0.94921875,0.996294962,0.992617277,0.008909629,0.017532317
61060ada97c9_11,0.988770008,0.977789462,0.953125,0.996267418,0.992562597,0.00749741,0.014773135
61060ada97c9_16,0.991950452,0.984029412,0.921875,0.996502935,0.993030244,0.004552483,0.009000832
630335e37f40_05,0.99583739,0.991709232,0.9609375,0.996895127,0.993809475,0.001057737,0.002100243
630335e37f40_16,0.99676764,0.993556082,0.95703125,0.996325386,0.992677679,-0.000442254,-0.000878403
6343156803f9_05,0.996543169,0.99311018,0.97265625,0.994934465,0.989919991,-0.001608704,-0.003190188
6343156803f9_06,0.995366991,0.990776658,0.97265625,0.99428046,0.988625974,-0.00108653,-0.002150684
6343156803f9_11,0.996275902,0.992579401,0.96875,0.995618978,0.991276176,-0.000656923,-0.001303225
64f701f36437_01,0.995772064,0.991579711,0.95703125,0.994495892,0.989052042,-0.001276172,-0.002527669
64f701f36437_03,0.995069206,0.99018681,0.96875,0.99455374,0.989166481,-0.000515466,-0.001020329
64f701f36437_11,0.991225243,0.982603133,0.96875,0.99373679,0.987551546,0.002511547,0.004948414
65051cfe0789_01,0.990092754,0.980379939,0.96484375,0.994891696,0.989835316,0.004798941,0.009455377
66fea07e1152_06,0.99455899,0.98917681,0.97265625,0.994796356,0.989646588,0.000237366,0.000469779
66fea07e1152_12,0.992947936,0.985994637,0.97265625,0.994521427,0.989102557,0.001573491,0.00310792
66fea07e1152_13,0.990012348,0.980222166,0.97265625,0.993693258,0.987465568,0.003680911,0.007243402
66fea07e1152_16,0.992379844,0.984874904,0.97265625,0.992657219,0.985421485,0.000277375,0.000546581
6752de44b721_02,0.993201196,0.986494243,0.95703125,0.993384004,0.986854976,0.000182808,0.000360733
683ddec95b82_14,0.990118861,0.98043108,0.9453125,0.995483011,0.991006644,0.005364149,0.010575564
68fcee2be01f_14,0.993425608,0.986937165,0.96875,0.994215801,0.988498131,0.000790193,0.001560966
695f39dfac16_04,0.908870637,0.832963288,0.97265625,0.992678601,0.985463629,0.083807964,0.152500342
69915dab0755_03,0.994045436,0.988161385,0.97265625,0.989589615,0.979393749,-0.004455821,-0.008767636
69915dab0755_07,0.996165037,0.9923594,0.96875,0.994155291,0.988378507,-0.002009746,-0.003980893
69915dab0755_13,0.990794659,0.981757224,0.97265625,0.981259939,0.963209337,-0.00953472,-0.018547887
69fba9e8f572_12,0.990077198,0.980349362,0.9765625,0.994078349,0.988226416,0.004001151,0.007877055
69fba9e8f572_15,0.992903769,0.985907555,0.97265625,0.993595823,0.98727315,0.000692054,0.001365596
6a951d3a3131_12,0.99399668,0.988065064,0.96484375,0.993321447,0.986731509,-0.000675233,-0.001333555
6a951d3a3131_14,0.991232634,0.982617676,0.96484375,0.991942991,0.984014774,0.000710357,0.001397098
6ae670e86620_12,0.989080131,0.978396118,0.96484375,0.995172407,0.990391202,0.006092276,0.011995084
6ba36af67cb0_07,0.995097995,0.990243793,0.96875,0.99421927,0.988504989,-0.000878725,-0.001738803
6ba36af67cb0_15,0.99618274,0.992394567,0.96875,0.995630586,0.991299188,-0.000552154,-0.001095378
6bf969856536_04,0.994909585,0.989870787,0.96875,0.992562428,0.985234674,-0.002347156,-0.004636112
6bf969856536_05,0.995090961,0.990229845,0.96875,0.991907422,0.983944773,-0.003183539,-0.006285072
6bf969856536_07,0.99585551,0.991745234,0.96875,0.99452417,0.989107982,-0.00133134,-0.002637251
6bf969856536_10,0.994730294,0.989515901,0.96484375,0.995515942,0.991071919,0.000785649,0.001556018
6bfd601be25e_15,0.99123764,0.982627511,0.96875,0.992396713,0.984908173,0.001159073,0.002280662
6bff9e10288e_09,0.98951757,0.979252577,0.96484375,0.992804277,0.98571137,0.003286707,0.006458794
6bff9e10288e_11,0.994629145,0.989315748,0.97265625,0.993813125,0.987702333,-0.00081602,-0.001613415
6c0cd487abcd_15,0.934718609,0.877438188,0.96875,0.996198521,0.992425835,0.061479912,0.114987647
6cc98271f4dd_15,0.996666133,0.99335444,0.96875,0.995767595,0.991570865,-0.000898539,-0.001783574
6d21aad248e4_01,0.993132114,0.986357868,0.9453125,0.993425673,0.986937225,0.000293559,0.000579358
6d21aad248e4_08,0.995092511,0.990232944,0.953125,0.994281625,0.988628278,-0.000810886,-0.001604666
6d21aad248e4_12,0.985334575,0.971093059,0.96484375,0.992895794,0.985891815,0.007561218,0.014798756
6d21aad248e4_13,0.991116464,0.98238939,0.96484375,0.992185385,0.984491959,0.001068921,0.002102568
6d21aad248e4_15,0.988621712,0.977499366,0.9609375,0.989143009,0.978519235,0.000521297,0.001019869
6d375bc2ece1_10,0.99603337,0.992098093,0.96484375,0.995976047,0.991984349,-5.73E-05,-0.000113744
6d375bc2ece1_11,0.995444477,0.990930259,0.96875,0.994231972,0.988530103,-0.001212504,-0.002400156
6d77433cc7ce_03,0.990508914,0.981196344,0.953125,0.989104846,0.978444542,-0.001404068,-0.002751801
6d77433cc7ce_12,0.993047953,0.986191928,0.953125,0.99205056,0.98422651,-0.000997393,-0.001965418
6dc8783eca68_03,0.995281458,0.990607262,0.97265625,0.994371382,0.988805771,-0.000910076,-0.001801491
6dc8783eca68_04,0.995221794,0.990489066,0.9765625,0.992199082,0.984518932,-0.003022711,-0.005970134
6e016b8b3617_03,0.995587051,0.991212904,0.96875,0.993929005,0.98793128,-0.001658046,-0.003281625
6e016b8b3617_04,0.996051192,0.992133379,0.97265625,0.993536551,0.987156117,-0.002514642,-0.004977262
6e016b8b3617_13,0.996083021,0.99219662,0.96875,0.994297467,0.988659603,-0.001785554,-0.003537016
6e016b8b3617_16,0.99546957,0.99097997,0.97265625,0.995287019,0.990618254,-0.000182551,-0.000361716
70b6a79565fe_14,0.961264014,0.925417125,0.96875,0.993987895,0.988047649,0.032723881,0.062630523
70b6a79565fe_16,0.965997815,0.934231877,0.96875,0.992898745,0.985897635,0.02690093,0.051665758
717689f3e788_01,0.993674517,0.987428606,0.9453125,0.993718724,0.987515865,4.42E-05,8.73E-05
717689f3e788_04,0.995099366,0.990246475,0.96875,0.992883553,0.985867678,-0.002215813,-0.004378797
717689f3e788_05,0.99299711,0.986091673,0.97265625,0.991682555,0.983502328,-0.001314555,-0.002589345
717689f3e788_06,0.991501451,0.983146131,0.96875,0.991367611,0.982882983,-0.000133839,-0.000263148
7251c8797749_10,0.99183625,0.983804762,0.96484375,0.996179902,0.99238888,0.004343652,0.008584117
7251c8797749_16,0.994339108,0.988741994,0.96875,0.99330139,0.986691925,-0.001037719,-0.002050069
768f299c36e1_09,0.991360307,0.982868552,0.953125,0.996268867,0.992565473,0.00490856,0.009696921
781c5338fe02_04,0.994316936,0.988698125,0.953125,0.99445562,0.98897238,0.000138684,0.000274256
78bfb9c780db_16,0.984371841,0.969224632,0.9609375,0.989416514,0.979054702,0.005044673,0.00983007
78f63d808555_07,0.994805276,0.989664257,0.96875,0.995718363,0.991473234,0.000913087,0.001808978
791c1a9775be_08,0.995249987,0.990544915,0.96484375,0.996455237,0.992935517,0.001205251,0.002390602
791c1a9775be_12,0.995217025,0.990479589,0.97265625,0.992973413,0.986044883,-0.002243612,-0.004434705
79a7691a90b1_07,0.859956205,0.754318595,0.96875,0.994863248,0.989778998,0.134907043,0.235460403
79a7691a90b1_13,0.856427312,0.748904943,0.97265625,0.993100598,0.986295747,0.136673286,0.237390803
79a7691a90b1_14,0.858814418,0.752563357,0.97265625,0.993615003,0.987311026,0.134800585,0.234747668
79a7691a90b1_15,0.851248324,0.741020381,0.97265625,0.994927757,0.98990671,0.143679433,0.248886328
7ab9747cf6d7_09,0.990301728,0.98078984,0.80078125,0.995309775,0.990663341,0.005008047,0.0098735
7abaa38c227f_01,0.910645068,0.835948884,0.94921875,0.989526706,0.979270519,0.078881639,0.143321634
7abaa38c227f_09,0.89471817,0.809493244,0.95703125,0.995296233,0.990636509,0.100578063,0.181143265
7ac210ba75a1_01,0.986627579,0.973608077,0.9609375,0.994294774,0.988654278,0.007667195,0.015046201
7ac210ba75a1_10,0.989470065,0.979159534,0.96484375,0.994851722,0.989756181,0.005381657,0.010596647
7ac210ba75a1_12,0.991632342,0.983403563,0.96875,0.994211772,0.988490165,0.002579429,0.005086601
7ac210ba75a1_14,0.992216766,0.984553754,0.96875,0.992946434,0.985991676,0.000729668,0.001437922
7ac210ba75a1_16,0.994000494,0.988072515,0.96484375,0.994305912,0.988676301,0.000305417,0.000603787
7bd1142155ae_01,0.98928529,0.978797793,0.9609375,0.99063607,0.981445879,0.00135078,0.002648086
7fbc761387f3_09,0.995220602,0.990486681,0.9609375,0.99593238,0.991897716,0.000711778,0.001411035
7fbc761387f3_12,0.996549249,0.99312228,0.97265625,0.995484132,0.991008867,-0.001065116,-0.002113412
82f72273d23e_03,0.994617462,0.989292622,0.97265625,0.992574711,0.985258878,-0.002042752,-0.004033743
82f72273d23e_04,0.993452966,0.986991107,0.96875,0.989902536,0.980006951,-0.00355043,-0.006984156
82f72273d23e_09,0.994486213,0.989032924,0.96484375,0.99325481,0.986600005,-0.001231403,-0.002432919
82f72273d23e_13,0.996013105,0.99205786,0.97265625,0.99287937,0.98585943,-0.003133735,-0.00619843
843763f47895_15,0.986640036,0.973632336,0.96875,0.992431558,0.984976818,0.005791522,0.011344482
858841907a4a_10,0.964764416,0.931927443,0.9453125,0.994101379,0.988271938,0.029336963,0.056344496
858841907a4a_12,0.988354325,0.976976752,0.94921875,0.991458078,0.983060849,0.003103753,0.006084096
85bc655a7523_06,0.993599951,0.987281263,0.9375,0.993922604,0.987918631,0.000322653,0.000637368
85cba1a00135_04,0.995532632,0.99110502,0.96484375,0.995575621,0.991190219,4.30E-05,8.52E-05
85cba1a00135_07,0.996638,0.99329859,0.953125,0.996450769,0.992926642,-0.000187231,-0.000371948
8603668953a6_01,0.937483072,0.882322907,0.9609375,0.992647999,0.985403313,0.055164927,0.103080406
8603668953a6_16,0.932163835,0.872946441,0.96875,0.994299327,0.988663281,0.062135492,0.11571684
878738468f6b_01,0.886522174,0.796174049,0.94921875,0.99361518,0.987311374,0.107093006,0.191137324
878738468f6b_03,0.921968818,0.855233848,0.96875,0.994521393,0.98910249,0.072552575,0.133868641
878738468f6b_08,0.91196084,0.838169158,0.96875,0.993297869,0.986684977,0.081337029,0.14851582
880ab8468df2_08,0.992615402,0.985339046,0.9140625,0.994451668,0.988964564,0.001836266,0.003625518
880fec285c06_06,0.995652139,0.991341889,0.97265625,0.994989846,0.990029645,-0.000662293,-0.001312244
88bc32b9e1d9_04,0.995492697,0.991025805,0.95703125,0.993793986,0.987664525,-0.001698711,-0.00336128
88bc32b9e1d9_15,0.995854199,0.991742611,0.953125,0.994446543,0.988954427,-0.001407656,-0.002788184
898339fab87a_04,0.99480623,0.989666104,0.96875,0.995403696,0.99084945,0.000597466,0.001183346
898339fab87a_07,0.996048808,0.99212867,0.97265625,0.995538824,0.991117275,-0.000509984,-0.001011395
8b4b87ad7be6_11,0.960509717,0.924019933,0.96875,0.995746258,0.991528552,0.035236541,0.067508619
8b4b87ad7be6_13,0.946568549,0.898557305,0.96875,0.989210899,0.978652123,0.042642351,0.080094818
8b88fb784951_08,0.995886207,0.991806149,0.96484375,0.993023952,0.986144561,-0.002862254,-0.005661588
8d1a6723c458_06,0.986812115,0.973967493,0.9765625,0.995569564,0.991178212,0.008757449,0.017210719
8d1a6723c458_07,0.985341668,0.971106887,0.97265625,0.99570756,0.991451813,0.010365892,0.020344926
8d5423cb763c_09,0.868220866,0.767129242,0.953125,0.99590945,0.991852228,0.127688584,0.224722986
8d5423cb763c_13,0.912724495,0.839460254,0.97265625,0.9934037,0.986893852,0.080679205,0.147433598
8d78483ce302_05,0.993874609,0.987823844,0.97265625,0.993676972,0.987433402,-0.000197638,-0.000390442
8d78483ce302_08,0.992079735,0.984283984,0.96484375,0.994326703,0.988717415,0.002246968,0.004433431
8d78483ce302_09,0.989707172,0.979624093,0.95703125,0.995794588,0.9916244,0.006087416,0.012000307
8d78483ce302_12,0.991101205,0.98235935,0.97265625,0.99409424,0.988257826,0.002993034,0.005898476
90b65c521a8b_03,0.994398534,0.988859475,0.96875,0.988232546,0.976738817,-0.006165988,-0.012120658
90b65c521a8b_16,0.994907379,0.989866376,0.96484375,0.990600693,0.981376434,-0.004306686,-0.008489941
917f262f1608_02,0.995509863,0.991059899,0.96875,0.994164972,0.988397644,-0.001344891,-0.002662255
917f262f1608_13,0.992816865,0.985736191,0.9765625,0.988842261,0.977930764,-0.003974605,-0.007805427
917f262f1608_15,0.992039621,0.984205008,0.97265625,0.991996907,0.984120896,-4.27E-05,-8.41E-05
9274d0b3caa8_05,0.994513333,0.989086628,0.97265625,0.988949516,0.978140589,-0.005563817,-0.010946039
93881caf9f70_06,0.996076703,0.992184103,0.97265625,0.994092281,0.988253955,-0.001984422,-0.003930147
93881caf9f70_10,0.996960938,0.993940294,0.96484375,0.995114747,0.990276993,-0.001846191,-0.003663301
93881caf9f70_12,0.996654272,0.993330896,0.96484375,0.994474208,0.989009149,-0.002180064,-0.004321747
98ee0624de87_08,0.994809568,0.98967278,0.96875,0.992135705,0.98439414,-0.002673862,-0.00527864
99639c826ea5_12,0.97100687,0.943647563,0.94921875,0.993989232,0.988050291,0.022982362,0.044402727
9a2bfb24ba6e_08,0.993285596,0.986660779,0.859375,0.994273811,0.988612827,0.000988214,0.001952048
9ab2a45de8c7_10,0.995717406,0.991471291,0.96484375,0.994762737,0.989580047,-0.000954669,-0.001891244
9ab2a45de8c7_13,0.996393144,0.992812216,0.97265625,0.995681579,0.991400295,-0.000711565,-0.001411922
9c2e82c23803_10,0.887878299,0.798364282,0.96875,0.990893286,0.98195094,0.103014988,0.183586659
9c2e82c23803_15,0.90377903,0.824449658,0.96875,0.993838215,0.9877519,0.090059185,0.163302241
9cc257b449d0_03,0.992929339,0.98595798,0.97265625,0.995278177,0.990600736,0.002348838,0.004642755
9cc257b449d0_07,0.995893836,0.991821229,0.9765625,0.99599416,0.992020286,0.000100324,0.000199056
9cc257b449d0_09,0.994582236,0.989222884,0.9609375,0.994010807,0.988092929,-0.000571428,-0.001129956
9cc257b449d0_11,0.995736301,0.991508722,0.95703125,0.996140741,0.992311155,0.00040444,0.000802432
9d8c465a0881_01,0.995605588,0.991249561,0.9609375,0.993239549,0.986569892,-0.002366039,-0.004679669
9d8c465a0881_02,0.996888101,0.993795514,0.96875,0.993497663,0.987079341,-0.003390438,-0.006716174
9d8c465a0881_07,0.996409833,0.992845297,0.97265625,0.99576721,0.991570103,-0.000642623,-0.001275194
9d8c465a0881_16,0.996621847,0.993266404,0.96875,0.994324334,0.988712731,-0.002297513,-0.004553673
9dfaeb835626_14,0.992784858,0.98567301,0.97265625,0.993091577,0.986277952,0.000306719,0.000604941
a070dbb32d2b_11,0.955705285,0.915168226,0.96875,0.994097326,0.988263926,0.038392041,0.0730957
a078586ccdee_01,0.996735275,0.993491769,0.96484375,0.994922995,0.989897281,-0.00181228,-0.003594488
a078586ccdee_06,0.993356764,0.986801267,0.97265625,0.99215705,0.984436167,-0.001199714,-0.0023651
a078586ccdee_13,0.992342591,0.98480159,0.9765625,0.98696244,0.974260461,-0.005380151,-0.010541129
a1038b207299_04,0.983635902,0.967798769,0.95703125,0.992964648,0.986027596,0.009328745,0.018228827
a2df64508b97_01,0.993133128,0.986359894,0.9609375,0.993785586,0.987647933,0.000652459,0.001288039
a2df64508b97_06,0.991192162,0.982538164,0.96875,0.99362472,0.987330213,0.002432558,0.00479205
a2df64508b97_08,0.993406534,0.986899495,0.96875,0.994423022,0.988907904,0.001016487,0.002008409
a2df64508b97_14,0.989306629,0.978839517,0.97265625,0.99124961,0.98265103,0.001942981,0.003811513
a2df64508b97_16,0.994363785,0.988790691,0.97265625,0.994215594,0.988497722,-0.000148191,-0.000292969
a3e2e104d58a_02,0.994627476,0.989312351,0.97265625,0.992928732,0.985956767,-0.001698744,-0.003355584
a3e2e104d58a_10,0.995135367,0.990317762,0.96875,0.993918751,0.987911019,-0.001216616,-0.002406743
a4551c5409e3_04,0.993432999,0.986951709,0.97265625,0.992552953,0.985216003,-0.000880046,-0.001735706
a46baa0b3ac0_14,0.992917955,0.98593545,0.95703125,0.995903488,0.991840403,0.002985533,0.005904953
a5fea424990e_01,0.993665934,0.987411618,0.96484375,0.991672803,0.983483146,-0.00199313,-0.003928472
a5fea424990e_05,0.989588678,0.979391873,0.9765625,0.98672564,0.97379908,-0.002863038,-0.005592793
a5fea424990e_10,0.994072676,0.988215208,0.97265625,0.994244827,0.988555518,0.000172151,0.00034031
a7c1ef8d9cc9_03,0.995787203,0.991609693,0.97265625,0.996804039,0.993628441,0.001016836,0.002018748
a7c1ef8d9cc9_12,0.995968044,0.991968453,0.96875,0.996423586,0.992872663,0.000455542,0.00090421
acb0fd30b83d_11,0.926681757,0.863380253,0.96484375,0.991822378,0.983777418,0.065140621,0.120397164
ad5a6a058944_11,0.896503329,0.812420487,0.96875,0.995256708,0.990558201,0.098753379,0.178137714
ad5a6a058944_13,0.905397296,0.827147007,0.96875,0.993998076,0.988067768,0.08860078,0.160920761
ad5a6a058944_15,0.917557478,0.847673178,0.96875,0.996335491,0.99269774,0.078778013,0.145024563
ae296a20fdd9_13,0.984184623,0.968861759,0.68359375,0.991214581,0.982582186,0.007029959,0.013720427
b1a27da4f01c_02,0.996430516,0.992886364,0.9609375,0.997343518,0.994701113,0.000913002,0.001814748
b24fd9084449_04,0.985507011,0.971428037,0.9765625,0.987392638,0.97509921,0.001885627,0.003671173
b24fd9084449_06,0.984339058,0.969161153,0.97265625,0.992432665,0.984978999,0.008093607,0.015817846
b24fd9084449_10,0.993078113,0.986251354,0.97265625,0.996155664,0.992340773,0.003077551,0.006089418
b38c4e132183_01,0.987590611,0.975485444,0.9609375,0.99567041,0.99137815,0.008079799,0.015892706
b38c4e132183_04,0.991715431,0.983566999,0.97265625,0.994756039,0.989566789,0.003040608,0.00599979
b38c4e132183_08,0.993487358,0.987058997,0.96875,0.994742357,0.98953971,0.001254999,0.002480713
b44091aa62e4_13,0.994344711,0.988753021,0.96875,0.99299487,0.9860872,-0.001349842,-0.00266582
b58cc561e560_02,0.920925438,0.853440106,0.97265625,0.996117907,0.992265839,0.075192469,0.138825734
b58cc561e560_06,0.935399592,0.878639162,0.96875,0.99292942,0.985958125,0.057529828,0.107318963
b58cc561e560_13,0.933770716,0.875769079,0.96875,0.993124208,0.986342323,0.059353491,0.110573244
b63a6f7952d4_07,0.987283945,0.974887252,0.97265625,0.99163639,0.983411519,0.004352445,0.008524267
b63a6f7952d4_11,0.985925555,0.972241759,0.97265625,0.991889591,0.983909681,0.005964036,0.011667922
b98c63cd6102_02,0.99482888,0.989710927,0.97265625,0.994319853,0.98870387,-0.000509027,-0.001007057
b98c63cd6102_04,0.992336571,0.98478967,0.9765625,0.991193891,0.982541524,-0.00114268,-0.002248146
b98c63cd6102_09,0.994152248,0.988372505,0.96875,0.995696421,0.991429725,0.001544173,0.003057221
ba7e7421003b_02,0.992072105,0.984268904,0.96484375,0.994204821,0.988476423,0.002132715,0.004207519
ba7e7421003b_14,0.992640972,0.985389471,0.97265625,0.995085376,0.990218823,0.002444404,0.004829352
bb2f95262773_02,0.993950129,0.987973034,0.9609375,0.99329067,0.98667077,-0.000659459,-0.001302264
bb2f95262773_15,0.994166434,0.988400519,0.96484375,0.994627212,0.98931185,0.000460779,0.000911331
bd8d5780ed04_05,0.951209426,0.906958401,0.97265625,0.993418215,0.986922504,0.042208789,0.079964103
bd8d5780ed04_16,0.917831898,0.84814173,0.96875,0.993779368,0.98763565,0.07594747,0.139493921
be86e79f1225_05,0.911091208,0.836701155,0.96875,0.990604035,0.981382994,0.079512826,0.14468184
be86e79f1225_11,0.899723649,0.817725182,0.96875,0.994225859,0.988518016,0.09450221,0.170792834
be86e79f1225_12,0.903929472,0.824700058,0.96875,0.992518295,0.98514771,0.088588823,0.160447652
bec93f7ddb19_06,0.988926947,0.978096426,0.97265625,0.993242994,0.986576689,0.004316046,0.008480263
bf92e198d9b6_09,0.994563937,0.989186645,0.9609375,0.995526648,0.991093139,0.00096271,0.001906494
bf9932f7aca8_01,0.99457854,0.989215493,0.96484375,0.994681008,0.9894183,0.000102468,0.000202807
bf9932f7aca8_03,0.991279125,0.98270905,0.97265625,0.990158166,0.980508167,-0.001120959,-0.002200883
bf9932f7aca8_15,0.991135657,0.98242712,0.97265625,0.990748012,0.981665653,-0.000387645,-0.000761467
c24b8293eceb_03,0.990201473,0.980593145,0.96875,0.992241516,0.984602494,0.002040043,0.004009349
c24b8293eceb_07,0.989243567,0.978716075,0.96484375,0.994059138,0.988188447,0.004815571,0.009472371
c24b8293eceb_15,0.98851037,0.977281809,0.96484375,0.993047652,0.986191307,0.004537282,0.008909498
c2fd64144e97_02,0.90256983,0.822439492,0.97265625,0.993533659,0.987150408,0.090963829,0.164710916
c2fd64144e97_03,0.914653599,0.842729688,0.97265625,0.990660671,0.981494174,0.076007072,0.138764486
c353e364e931_09,0.90318656,0.823464096,0.95703125,0.995965947,0.991964311,0.092779388,0.168500215
c353e364e931_10,0.925833285,0.861908376,0.96875,0.996204283,0.992437272,0.070370998,0.130528895
c353e364e931_14,0.911604822,0.837567806,0.97265625,0.994371625,0.988806252,0.082766803,0.151238446
c3614abc7405_09,0.993283987,0.98665756,0.94921875,0.990649267,0.981471786,-0.00263472,-0.005185774
c3dafdb02e7f_14,0.994458556,0.988978207,0.9765625,0.994877429,0.989807072,0.000418873,0.000828865
c4ac16c0dd59_08,0.994292498,0.988649786,0.94921875,0.994188455,0.988444067,-0.000104043,-0.000205718
c4f1840b2a65_14,0.987183869,0.974692106,0.97265625,0.987907896,0.976104736,0.000724027,0.001412629
c502287be9f6_06,0.987500668,0.975309968,0.83984375,0.99140623,0.982958906,0.003905562,0.007648938
c502287be9f6_11,0.985089421,0.970616996,0.83984375,0.994689333,0.989434773,0.009599911,0.018817777
c502287be9f6_12,0.988642037,0.977539241,0.83984375,0.993132064,0.986357822,0.004490027,0.008818581
c52b272a5329_14,0.994710565,0.9894768,0.96875,0.993177081,0.986446635,-0.001533484,-0.003030165
c53e374fdd72_06,0.914164245,0.841899157,0.97265625,0.991416888,0.982979863,0.077252643,0.141080706
c53e374fdd72_10,0.890354514,0.802377403,0.96875,0.995181882,0.99040997,0.104827368,0.188032567
c53e374fdd72_12,0.908336341,0.832066119,0.97265625,0.992297856,0.984713451,0.083961515,0.152647333
c6f50d44f141_03,0.997276425,0.994567633,0.96875,0.996697246,0.993416236,-0.00057918,-0.001151396
c7a94c46a3b2_07,0.993197203,0.986486375,0.96484375,0.994216031,0.988498587,0.001018829,0.002012211
c7a94c46a3b2_11,0.994391441,0.988845408,0.96484375,0.99427907,0.988623226,-0.000112371,-0.000222182
c7a94c46a3b2_14,0.993621707,0.987324297,0.96875,0.993222548,0.986536345,-0.000399159,-0.000787952
c8d52e0ba341_14,0.993814826,0.987705648,0.9765625,0.993239689,0.986570168,-0.000575137,-0.00113548
c8d52e0ba341_16,0.996036828,0.992104888,0.96875,0.993870302,0.987815293,-0.002166526,-0.004289595
c9acf5847ef1_08,0.994350433,0.988764346,0.96484375,0.993908838,0.98789143,-0.000441596,-0.000872915
c9acf5847ef1_13,0.99213326,0.984389305,0.96875,0.993887534,0.987849338,0.001754274,0.003460033
c9f382c7349e_08,0.991087914,0.982333302,0.97265625,0.992910266,0.985920352,0.001822352,0.00358705
cafee4122080_04,0.993863344,0.987801611,0.9609375,0.992885152,0.985870831,-0.000978192,-0.001930781
ce74dfdf123b_03,0.94746536,0.900174975,0.9609375,0.992539033,0.985188573,0.045073673,0.085013598
ce74dfdf123b_12,0.958051443,0.919480562,0.96875,0.992334892,0.984786398,0.034283449,0.065305836
cf5add31c130_05,0.991143048,0.982441545,0.96484375,0.989270477,0.978768756,-0.001872571,-0.003672789
cf5add31c130_09,0.993598521,0.987278521,0.953125,0.993746141,0.987570018,0.00014762,0.000291497
cf65b1c5e147_01,0.994234324,0.988534749,0.95703125,0.993709936,0.987498507,-0.000524388,-0.001036242
cf65b1c5e147_07,0.99560535,0.991249204,0.96875,0.995495176,0.991030758,-0.000110173,-0.000218446
cf65b1c5e147_16,0.996912003,0.993843019,0.96875,0.995499853,0.991040027,-0.00141215,-0.002802992
cf89c3220bc4_02,0.996914029,0.993847013,0.97265625,0.996856533,0.993732766,-5.75E-05,-0.000114246
cf89c3220bc4_09,0.993704736,0.98748827,0.9609375,0.995486509,0.991013578,0.001781773,0.003525308
d0392fd5feb6_06,0.996380746,0.9927876,0.96875,0.993695167,0.987469337,-0.00268558,-0.005318262
d1a3af34e674_10,0.994293451,0.988651693,0.96875,0.996476339,0.992977423,0.002182887,0.00432573
d46244bc42ed_05,0.977612495,0.956205428,0.97265625,0.993303274,0.986695645,0.015690779,0.030490217
d46244bc42ed_10,0.954112232,0.912251115,0.96875,0.995423135,0.990887975,0.041310903,0.07863686
d61b6bfeabb2_10,0.994834304,0.989721775,0.95703125,0.99390663,0.987887068,-0.000927674,-0.001834707
d61b6bfeabb2_14,0.995378375,0.990799308,0.9609375,0.991961275,0.984050761,-0.003417101,-0.006748547
d8216041ffa9_04,0.992569506,0.985248566,0.97265625,0.994563088,0.989184975,0.001993581,0.00393641
d8216041ffa9_05,0.993043602,0.986183345,0.97265625,0.994976176,0.990002578,0.001932575,0.003819232
d8216041ffa9_08,0.995466709,0.990974307,0.96484375,0.995137752,0.990322559,-0.000328957,-0.000651748
d8216041ffa9_13,0.993218422,0.986528158,0.97265625,0.995180841,0.990407908,0.001962419,0.00387975
d8e1c401ac3c_11,0.995667338,0.991372108,0.96875,0.994337292,0.988738356,-0.001330046,-0.002633752
d8f11603ef08_09,0.990845621,0.9818573,0.953125,0.99128395,0.982718526,0.000438329,0.000861226
d8f11603ef08_10,0.993677557,0.987434506,0.96875,0.994330923,0.98872576,0.000653366,0.001291254
d8f11603ef08_11,0.992318451,0.984754086,0.96875,0.988862259,0.977969885,-0.003456192,-0.006784201
db09fec614d2_02,0.994244754,0.988555312,0.95703125,0.991780623,0.98369526,-0.002464132,-0.004860052
dc995bf5296a_12,0.993938267,0.98794961,0.953125,0.993058024,0.986211766,-0.000880243,-0.001737844
dc995bf5296a_13,0.993417263,0.986920655,0.9609375,0.992936553,0.98597219,-0.00048071,-0.000948465
dc995bf5296a_14,0.994813621,0.989680767,0.9609375,0.993308146,0.986705259,-0.001505475,-0.002975508
dd47eb7ac4ee_06,0.986639142,0.973630607,0.96875,0.993823598,0.987723023,0.007184456,0.014092416
dd47eb7ac4ee_12,0.989902139,0.980006158,0.96875,0.99443369,0.988929004,0.004531551,0.008922846
dd70a0a51e3b_09,0.907081366,0.829962373,0.94921875,0.995852625,0.99173951,0.08877126,0.161777137
ddb513df9406_01,0.993510485,0.987104654,0.95703125,0.994230553,0.988527298,0.000720069,0.001422644
ddb513df9406_03,0.991386652,0.982920349,0.96875,0.996186057,0.992401096,0.004799405,0.009480747
ddb513df9406_07,0.979730725,0.960266829,0.96875,0.993993841,0.9880594,0.014263116,0.027792572
ddb513df9406_12,0.985383451,0.971188068,0.96875,0.994824019,0.989701343,0.009440568,0.018513274
de74550a306a_03,0.995726705,0.991489828,0.96484375,0.993298384,0.986685994,-0.00242832,-0.004803833
de74550a306a_09,0.994146526,0.988361239,0.94921875,0.994455439,0.988972023,0.000308913,0.000610784
de74550a306a_13,0.993958116,0.98798883,0.96484375,0.993016766,0.986130386,-0.00094135,-0.001858443
de74550a306a_16,0.992767215,0.98563838,0.9609375,0.994201023,0.988468915,0.001433809,0.002830535
e05b96cc2b0d_14,0.992965817,0.986029863,0.97265625,0.992106036,0.984335726,-0.000859781,-0.001694138
e114fcbb9723_09,0.994611621,0.989280999,0.95703125,0.995335802,0.990714912,0.000724181,0.001433913
e114fcbb9723_16,0.996711493,0.993444502,0.96875,0.994602229,0.989262418,-0.002109263,-0.004182085
e2230d0ceb02_03,0.993999243,0.988070071,0.97265625,0.995029074,0.990107323,0.001029831,0.002037253
e2230d0ceb02_10,0.994468153,0.988997102,0.96875,0.996299583,0.992626451,0.00183143,0.003629349
e5fc2c1c4a8b_07,0.993919551,0.987912655,0.96875,0.992807062,0.985716861,-0.00111249,-0.002195794
e5fc2c1c4a8b_11,0.994284213,0.988633394,0.96875,0.993998218,0.988068048,-0.000285995,-0.000565346
e8f607100c1f_06,0.993779898,0.987636685,0.97265625,0.994294369,0.988653476,0.000514471,0.001016791
eaf9eb0b2293_08,0.99327457,0.986639023,0.9296875,0.995081034,0.990210224,0.001806464,0.003571201
eaf9eb0b2293_16,0.994759738,0.989574075,0.94921875,0.995257317,0.990559408,0.000497578,0.000985333
eb07e3f63ad2_04,0.990394831,0.980972469,0.9765625,0.992681105,0.985468564,0.002286274,0.004496095
eb07e3f63ad2_16,0.996240556,0.992509246,0.97265625,0.995392107,0.990826484,-0.00084845,-0.001682762
eb91b1c659a0_11,0.990398169,0.980978966,0.9609375,0.991931236,0.983991639,0.001533067,0.003012673
eb91b1c659a0_14,0.991016209,0.982192457,0.9609375,0.991860515,0.983852462,0.000844305,0.001660005
eb91b1c659a0_16,0.989870727,0.979944646,0.95703125,0.994224461,0.988515252,0.004353734,0.008570606
ebfdf6ec7ede_06,0.992464006,0.985040784,0.953125,0.99325925,0.986608767,0.000795244,0.001567983
ed13cbcdd5d8_01,0.908232331,0.831891537,0.9453125,0.994404434,0.988871141,0.086172103,0.156979604
ed13cbcdd5d8_07,0.956150353,0.91598475,0.86328125,0.992295234,0.984708287,0.036144881,0.068723538
ed13cbcdd5d8_12,0.952117503,0.90861094,0.85546875,0.990325235,0.980835879,0.038207733,0.072224939
ed13cbcdd5d8_13,0.963329434,0.929253161,0.83984375,0.990759887,0.98168897,0.027430453,0.052435809
ed8472086df8_12,0.991357923,0.982863963,0.95703125,0.992170783,0.984463206,0.00081286,0.001599244
ed8472086df8_14,0.992910504,0.985920787,0.94921875,0.992510436,0.985132226,-0.000400068,-0.000788561
eeb7eeca738e_03,0.888865173,0.799961567,0.9765625,0.995508484,0.991057135,0.106643311,0.191095568
eeb7eeca738e_07,0.876101971,0.779520869,0.97265625,0.994145433,0.988359019,0.118043463,0.20883815
eeb7eeca738e_10,0.871062636,0.771577537,0.97265625,0.995706348,0.99144941,0.124643712,0.219871873
eefc0d8c94f0_16,0.992142498,0.984407485,0.96484375,0.994461471,0.988983954,0.002318972,0.004576469
ef5567efd904_03,0.919844508,0.851585269,0.97265625,0.995976269,0.99198479,0.076131761,0.140399521
ef5567efd904_08,0.923679292,0.858182192,0.96875,0.995850537,0.991735367,0.072171244,0.133553175
efaef69e148d_07,0.994141579,0.988351405,0.9765625,0.993271455,0.986632851,-0.000870124,-0.001718554
efaef69e148d_11,0.99407208,0.988214016,0.97265625,0.993677707,0.987434854,-0.000394373,-0.000779162
f00905abd3d7_01,0.987858772,0.976008773,0.95703125,0.990965331,0.982092451,0.003106559,0.006083678
f1eb080c7182_07,0.987216294,0.974755287,0.87109375,0.99347929,0.987043068,0.006262996,0.01228778
f1eb080c7182_11,0.981737733,0.96413058,0.859375,0.993286387,0.986662319,0.011548654,0.022531738
f1eb080c7182_15,0.982321799,0.965257764,0.74609375,0.993187511,0.986467215,0.010865713,0.021209451
f3eee6348205_05,0.994284749,0.988634467,0.94921875,0.994472737,0.989006239,0.000187988,0.000371772
f3eee6348205_07,0.98967725,0.979565442,0.94921875,0.995763694,0.991563128,0.006086443,0.011997687
f3eee6348205_09,0.951033831,0.906639159,0.94140625,0.994277047,0.988619225,0.043243216,0.081980067
f3eee6348205_10,0.988445044,0.977154136,0.9375,0.995460546,0.990962118,0.007015502,0.013807983
f4cd1286d5f4_04,0.993581593,0.987245023,0.96875,0.992948604,0.985995956,-0.000632989,-0.001249068
f591b4f2e006_05,0.987123847,0.974575043,0.96875,0.982433076,0.965472691,-0.004690771,-0.009102352
f591b4f2e006_09,0.975388229,0.951958895,0.953125,0.99022859,0.980646294,0.014840361,0.028687399
f70052627830_03,0.935079634,0.878074706,0.97265625,0.995123067,0.990293472,0.060043433,0.112218767
f70052627830_04,0.932850957,0.874152482,0.9765625,0.994045157,0.988160815,0.0611942,0.114008334
f70052627830_07,0.937222481,0.881861448,0.97265625,0.992715905,0.985537158,0.055493424,0.10367571
f70052627830_08,0.933600426,0.875469565,0.96484375,0.993034802,0.986165961,0.059434376,0.110696395
f707d6fbc0cd_02,0.946663439,0.898728371,0.953125,0.99455171,0.989162467,0.047888271,0.090434096
f707d6fbc0cd_13,0.967058241,0.936217606,0.96484375,0.99175523,0.9836453,0.024696988,0.047427694
f707d6fbc0cd_15,0.951837242,0.908100665,0.953125,0.994532946,0.989125344,0.042695704,0.08102468
f8b6f4c39204_02,0.99536711,0.990776956,0.97265625,0.993913851,0.987901337,-0.001453259,-0.00287562
f8b6f4c39204_11,0.994905949,0.989863575,0.97265625,0.994087341,0.98824419,-0.000818607,-0.001619384
f98dbe8a5ee2_05,0.993246078,0.986582816,0.97265625,0.993430108,0.986945979,0.000184029,0.000363163
f98dbe8a5ee2_12,0.994574785,0.989208043,0.97265625,0.993466655,0.987018125,-0.00110813,-0.002189918
fa006be8b6d9_09,0.98937279,0.978969097,0.9609375,0.993520904,0.987125225,0.004148114,0.008156128
fa613ac8eac5_06,0.992457211,0.985027313,0.96875,0.988587452,0.977432457,-0.003869759,-0.007594856
fb1b923dd978_02,0.994079292,0.988228261,0.96484375,0.994276399,0.988617944,0.000197107,0.000389683
fb1b923dd978_04,0.994644165,0.989345431,0.96484375,0.994046649,0.988163764,-0.000597516,-0.001181668
fb1b923dd978_07,0.994613528,0.989284813,0.96484375,0.994294245,0.988653232,-0.000319283,-0.000631582
fc237174b128_07,0.995024979,0.990099251,0.96875,0.992725168,0.985555418,-0.002299811,-0.004543833
fce0ba5b8ed7_01,0.891573668,0.804359913,0.96484375,0.995518777,0.991077537,0.103945109,0.186717624
fce0ba5b8ed7_16,0.894714892,0.809487879,0.97265625,0.996337912,0.992702548,0.10162302,0.183214668
fd9da5d0bb6f_14,0.945191443,0.896078646,0.953125,0.993920603,0.987914678,0.04872916,0.091836032
fdc2c87853ce_06,0.969164312,0.940173447,0.96484375,0.993986644,0.988045177,0.024822332,0.04787173
feaf59172a01_02,0.992023766,0.984173715,0.96875,0.992631245,0.985370292,0.000607478,0.001196577
fecea3036c59_05,0.996303618,0.992634475,0.9609375,0.995416947,0.99087571,-0.000886671,-0.001758765
fecea3036c59_15,0.995465994,0.990972877,0.95703125,0.992839981,0.985781764,-0.002626013,-0.005191112
fff9b3a5373f_02,0.992479384,0.985071003,0.93359375,0.99348344,0.98705126,0.001004056,0.001980257
